t_const_Performer,n_const_Performer
tt0120150,nm0002213
tt0119196,nm0002408
tt0107432,nm0002426
tt0204741,nm0002549
tt0444425,nm0002806
tt0115631,nm0003819
tt0179844,nm0003903
tt0202470,nm0003993
tt0243741,nm0004123
tt0247656,nm0004327
tt0160289,nm0004396
tt0079889,nm0004419
tt6628790,nm0004992
tt0486655,nm0005249
tt2525062,nm0005426
tt0261652,nm0006592
tt0244094,nm0006735
tt0259333,nm0006827
tt0265944,nm0006980
tt0254213,nm0007295
tt0275229,nm0007430
tt3481000,nm0007502
tt0070773,nm0007734
tt0108235,nm0007810
tt0082009,nm0008013
tt0184511,nm0008132
tt0207696,nm0008149
tt0198398,nm0008233
tt0251320,nm0008255
tt0252431,nm0008371
tt0156671,nm0008374
tt2404217,nm0008375
tt0293416,nm0008378
tt0117876,nm0008379
tt1520869,nm0008435
tt0103646,nm0008492
tt0203230,nm0008536
tt0143222,nm0008694
tt0775458,nm0008720
tt0111320,nm0008779
tt0216225,nm0008807
tt0111320,nm0008839
tt0116790,nm0008937
tt0143277,nm0009004
tt0132099,nm0009013
tt0100254,nm0009101
tt0108697,nm0009133
tt0138501,nm0009137
tt0254642,nm0009185
tt0115927,nm0009197
tt0087015,nm0009201
tt0203269,nm0009211
tt0396269,nm0009222
tt0198175,nm0009230
tt0125308,nm0009256
tt0104732,nm0009260
tt0081222,nm0009296
tt0143736,nm0009465
tt0116714,nm0009475
tt0181033,nm0009518
tt0274633,nm0009559
tt0127684,nm0009710
tt0094547,nm0009720
tt0287013,nm0009787
tt0188520,nm0009789
tt0253914,nm0009855
tt0109949,nm0009888
tt0128531,nm0009962
tt0054570,nm0009995
tt0397401,nm0010177
tt0280066,nm0010223
tt0115162,nm0010239
tt0170204,nm0010357
tt0023037,nm0010375
tt0076760,nm0010484
tt0099447,nm0010513
tt0077238,nm0010711
tt0217249,nm0010715
tt0134136,nm0010716
tt0100607,nm0010777
tt0302436,nm0010780
tt2350070,nm0010823
tt0051408,nm0010856
tt0135363,nm0010879
tt0069296,nm0010892
tt0142228,nm0010923
tt0291349,nm0010955
tt0046559,nm0011078
tt0151335,nm0011580
tt0212789,nm0011702
tt0064551,nm0011730
tt0427403,nm0011857
tt0104069,nm0011883
tt0053216,nm0011904
tt0165807,nm0011916
tt0086688,nm0011940
tt0294097,nm0012143
tt0071426,nm0012154
tt0250511,nm0012174
tt0322692,nm0012262
tt0162556,nm0012433
tt0105907,nm0012632
tt0411158,nm0012676
tt6209650,nm0012685
tt0116293,nm0012700
tt0206070,nm0012742
tt0259444,nm0012773
tt0158070,nm0012808
tt0165899,nm0012871
tt0479718,nm0012874
tt0141591,nm0013093
tt0174180,nm0013110
tt0117367,nm0013120
tt0165477,nm0013126
tt0114015,nm0013263
tt0095790,nm0013278
tt0084453,nm0013384
tt0245574,nm0013396
tt0096248,nm0013425
tt0193724,nm0013471
tt0104119,nm0013589
tt0057155,nm0013619
tt0092982,nm0013704
tt0093297,nm0013716
tt0129874,nm0013777
tt0256111,nm0014075
tt0249338,nm0014171
tt0085456,nm0014176
tt0276465,nm0014187
tt0122187,nm0014204
tt0069800,nm0014221
tt0168496,nm0014414
tt0069927,nm0014492
tt0055139,nm0014655
tt0110719,nm0014657
tt0165857,nm0014744
tt0257470,nm0014929
tt0245300,nm0014943
tt0279688,nm0014987
tt0321971,nm0015028
tt1233459,nm0015049
tt0262046,nm0015103
tt0212504,nm0015134
tt0251054,nm0015156
tt0259538,nm0015173
tt0105605,nm0015204
tt0063137,nm0015246
tt0317633,nm0015247
tt0111789,nm0015266
tt0453396,nm0015311
tt0080431,nm0015313
tt0278413,nm0015316
tt0079388,nm0015458
tt0827503,nm0015528
tt0167768,nm0015610
tt0016568,nm0015793
tt0117214,nm0015809
tt0147020,nm0015966
tt0109802,nm0016228
tt0208424,nm0016247
tt0255797,nm0016278
tt0105488,nm0016470
tt0163425,nm0016480
tt5651304,nm0016665
tt3144258,nm0016747
tt0125565,nm0016795
tt0383114,nm0017061
tt0029256,nm0017141
tt0090987,nm0017322
tt0057970,nm0017481
tt0264264,nm0017725
tt0247223,nm0018014
tt0217287,nm0018018
tt0044524,nm0018033
tt0126968,nm0018059
tt0119817,nm0018083
tt0056900,nm0018177
tt0092034,nm0018221
tt0106984,nm0018233
tt0132666,nm0018269
tt0195793,nm0018452
tt0257457,nm0018480
tt0270931,nm0018531
tt0032693,nm0018534
tt0252850,nm0018561
tt0244353,nm0018580
tt0114311,nm0018619
tt0108810,nm0018627
tt0862633,nm0018771
tt0049226,nm0018884
tt0113558,nm0019434
tt0118881,nm0019632
tt0240760,nm0019764
tt0089350,nm0019771
tt0110082,nm0019778
tt0099083,nm0019878
tt0149716,nm0019888
tt0348896,nm0019910
tt0097077,nm0019929
tt0018829,nm0019941
tt0097550,nm0019954
tt0383630,nm0020028
tt0113737,nm0020065
tt0123385,nm0020118
tt0093676,nm0020127
tt0202203,nm0020147
tt0165027,nm0020155
tt0403604,nm0020297
tt0070033,nm0020335
tt0042104,nm0020581
tt0281765,nm0020585
tt0096981,nm0020602
tt1603418,nm0020604
tt0268895,nm0020619
tt0160480,nm0020640
tt0438664,nm0020673
tt1029235,nm0020690
tt0115632,nm0020696
tt0090493,nm0020848
tt0474525,nm0020902
tt0179538,nm0020944
tt0263262,nm0020946
tt0060375,nm0020984
tt0210222,nm0020989
tt0437043,nm0021030
tt0085791,nm0021223
tt0110587,nm0021260
tt0098270,nm0021413
tt0125078,nm0021464
tt1707386,nm0021571
tt0069753,nm0021582
tt0221621,nm0021616
tt0057601,nm0021700
tt0238133,nm0021752
tt0233505,nm0021813
tt0142039,nm0021857
tt0194722,nm0021953
tt0106030,nm0022004
tt0066256,nm0022363
tt0114468,nm0022368
tt0259768,nm0022399
tt0135644,nm0022408
tt0099505,nm0022477
tt0138557,nm0022493
tt0234756,nm0022502
tt0313277,nm0022646
tt2313985,nm0022740
tt0104069,nm0022839
tt0334951,nm0022850
tt0197523,nm0022907
tt0056577,nm0023018
tt0373028,nm0023045
tt0270547,nm0023050
tt0097260,nm0023056
tt0176234,nm0023059
tt0061546,nm0023374
tt0046501,nm0023416
tt0076679,nm0023502
tt0025966,nm0023575
tt0166503,nm0023643
tt0265987,nm0023821
tt0461857,nm0023917
tt0188173,nm0024003
tt0143990,nm0024062
tt0330044,nm0024088
tt0267408,nm0024149
tt0250493,nm0024161
tt0213369,nm0024231
tt0062957,nm0024291
tt0254821,nm0024295
tt0134027,nm0024299
tt0169989,nm0024373
tt0058712,nm0024447
tt0174605,nm0024497
tt0329824,nm0024555
tt1510832,nm0024613
tt0220005,nm0024636
tt0217990,nm0024684
tt0111792,nm0024689
tt0039927,nm0024747
tt0102239,nm0024772
tt4483460,nm0025145
tt0070354,nm0025155
tt0115478,nm0025370
tt0087221,nm0025420
tt0085559,nm0025499
tt0260308,nm0025508
tt0239939,nm0025615
tt0211318,nm0025642
tt0053985,nm0025653
tt0099507,nm0025721
tt0097515,nm0025722
tt5022622,nm0025887
tt0091603,nm0025987
tt0179580,nm0026093
tt0179580,nm0026180
tt0061972,nm0026230
tt0029327,nm0026484
tt0108257,nm0026493
tt0232534,nm0026545
tt0095825,nm0026633
tt0118925,nm0026837
tt0218825,nm0026909
tt0092400,nm0026959
tt0122424,nm0027152
tt0219190,nm0027291
tt0120051,nm0027420
tt2860358,nm0027644
tt0352465,nm0027931
tt5238188,nm0027938
tt0220771,nm0027944
tt0283369,nm0028028
tt0186453,nm0028210
tt0208001,nm0028246
tt0211396,nm0028282
tt0094643,nm0028290
tt0229208,nm0028305
tt0094820,nm0028466
tt1767319,nm0028620
tt0163877,nm0028622
tt0235944,nm0028730
tt0059636,nm0028746
tt0194544,nm0028808
tt0250959,nm0029060
tt0039155,nm0029197
tt1602620,nm0029222
tt0239431,nm0029328
tt0853224,nm0029344
tt0119555,nm0029388
tt0111180,nm0029413
tt1619026,nm0029493
tt0123338,nm0029565
tt0258030,nm0029649
tt0195035,nm0029926
tt0281491,nm0029972
tt0043466,nm0030180
tt0361300,nm0030206
tt0062179,nm0030374
tt4460168,nm0030544
tt0161078,nm0030904
tt0179560,nm0030924
tt0167339,nm0031024
tt0254693,nm0031038
tt0113031,nm0031310
tt0168329,nm0031489
tt0077959,nm0031646
tt0106705,nm0031662
tt0194801,nm0031774
tt0109015,nm0031849
tt0078796,nm0032191
tt0087268,nm0032212
tt0144735,nm0032242
tt0180207,nm0032333
tt0106911,nm0032477
tt0117053,nm0032697
tt0218520,nm0032731
tt0087523,nm0032842
tt0269969,nm0032871
tt0059172,nm0032998
tt0273912,nm0033011
tt0089287,nm0033016
tt0081470,nm0033020
tt0128289,nm0033044
tt0391867,nm0033045
tt0090987,nm0033047
tt0274444,nm0033213
tt0214320,nm0033344
tt0105356,nm0033382
tt0117994,nm0033392
tt0193879,nm0033875
tt0248667,nm0033917
tt0081728,nm0033933
tt0187846,nm0034048
tt0064863,nm0034155
tt0238647,nm0034255
tt0043823,nm0034362
tt0084777,nm0034490
tt0044491,nm0034673
tt0338998,nm0034755
tt0295266,nm0034758
tt0138330,nm0034828
tt0170204,nm0034878
tt2208020,nm0034888
tt0170980,nm0035062
tt0074392,nm0035120
tt2033470,nm0035214
tt0154046,nm0035291
tt0120207,nm0035344
tt0144567,nm0035377
tt0264053,nm0035439
tt0069922,nm0035453
tt1300349,nm0035500
tt0068518,nm0035512
tt0270869,nm0035601
tt0236456,nm0035727
tt0159661,nm0036184
tt0159190,nm0036193
tt0127038,nm0036196
tt0259453,nm0036254
tt0099814,nm0036329
tt0096515,nm0036475
tt0083801,nm0036485
tt0907732,nm0036541
tt0078843,nm0036573
tt0195593,nm0036656
tt0117043,nm0036727
tt0071846,nm0036738
tt0296004,nm0036825
tt0028747,nm0036878
tt0113968,nm0036882
tt0113968,nm0036887
tt0125651,nm0036927
tt2334873,nm0036981
tt0109306,nm0037039
tt0098156,nm0037077
tt0100768,nm0037091
tt0091816,nm0037135
tt0211640,nm0037191
tt0233457,nm0037407
tt0128926,nm0037462
tt0799632,nm0037479
tt3438726,nm0037612
tt0004037,nm0037745
tt0184607,nm0037755
tt0103779,nm0037851
tt0089539,nm0038054
tt0117228,nm0038081
tt0180090,nm0038207
tt0109015,nm0038303
tt0114030,nm0038321
tt0467694,nm0038326
tt0162563,nm0038347
tt0198512,nm0038384
tt0262719,nm0038395
tt0114689,nm0038401
tt0167355,nm0038433
tt0119422,nm0038565
tt0106045,nm0038709
tt0350184,nm0038796
tt0235853,nm0038889
tt0114435,nm0038921
tt0183306,nm0039176
tt0118406,nm0039444
tt0269199,nm0039562
tt0085990,nm0039753
tt0119678,nm0039869
tt0151470,nm0039897
tt0117612,nm0039899
tt0117612,nm0039900
tt0078736,nm0039939
tt0351997,nm0040011
tt0110239,nm0040013
tt0109056,nm0040219
tt0253779,nm0040249
tt0096429,nm0040259
tt0102326,nm0040306
tt0168154,nm0040307
tt0252902,nm0040444
tt0221322,nm0040508
tt0202179,nm0040666
tt1371160,nm0040710
tt0119462,nm0040711
tt0133302,nm0040855
tt1147654,nm0040961
tt0071680,nm0041051
tt0108349,nm0041057
tt0202840,nm0041076
tt0217949,nm0041243
tt0066286,nm0041276
tt0097515,nm0041310
tt0220394,nm0041429
tt0069039,nm0041493
tt0176357,nm0041495
tt0094302,nm0041516
tt0133117,nm0041682
tt0037243,nm0041690
tt0041030,nm0041843
tt0094187,nm0041847
tt0224468,nm0042154
tt0100330,nm0042294
tt1213588,nm0042340
tt0139124,nm0042774
tt0421488,nm0042817
tt0184122,nm0042937
tt0372588,nm0042992
tt0150863,nm0043256
tt0133829,nm0043296
tt0142770,nm0043302
tt0171683,nm0043310
tt2298820,nm0043347
tt0464665,nm0043358
tt0217590,nm0043359
tt0272444,nm0043410
tt0332512,nm0043427
tt0136866,nm0043470
tt0093033,nm0043483
tt0147267,nm0043494
tt0113998,nm0043571
tt0213192,nm0043789
tt0179338,nm0043954
tt0077306,nm0044031
tt0188567,nm0044112
tt0132160,nm0044123
tt0277399,nm0044128
tt0234426,nm0044135
tt1229946,nm0044495
tt0072147,nm0044519
tt0264415,nm0044604
tt0191764,nm0044627
tt0083670,nm0044638
tt0250212,nm0044714
tt0097863,nm0045056
tt0144608,nm0045070
tt1736049,nm0045389
tt0112212,nm0045551
tt0098188,nm0045554
tt1062860,nm0045633
tt0273108,nm0045727
tt0134274,nm0045750
tt0463399,nm0045776
tt0009836,nm0045782
tt0211599,nm0045794
tt0236460,nm0046072
tt0092006,nm0046095
tt0219467,nm0046205
tt1538438,nm0046313
tt0101455,nm0046389
tt0096535,nm0046414
tt0099148,nm0046415
tt0156585,nm0046535
tt0201634,nm0046680
tt0135584,nm0046685
tt0321395,nm0046696
tt0111844,nm0046908
tt0073392,nm0047050
tt0162662,nm0047234
tt0325871,nm0047249
tt0161743,nm0047267
tt0178135,nm0047336
tt0265647,nm0047432
tt0255582,nm0047493
tt0269014,nm0047511
tt0124323,nm0047647
tt0244718,nm0047657
tt0115138,nm0047670
tt0043671,nm0047819
tt0118032,nm0047865
tt1130089,nm0047877
tt0049661,nm0047904
tt0112534,nm0047927
tt0268401,nm0048001
tt0117311,nm0048131
tt0051790,nm0048156
tt0228037,nm0048175
tt0124208,nm0048361
tt0212292,nm0048445
tt0061936,nm0048530
tt0080040,nm0048692
tt0163764,nm0048763
tt0205096,nm0048936
tt0011283,nm0049007
tt0130314,nm0049293
tt0065075,nm0049364
tt0920457,nm0049384
tt0237724,nm0049454
tt2467594,nm0049563
tt0074557,nm0049568
tt0255582,nm0049755
tt0163745,nm0049796
tt1995373,nm0049874
tt0085515,nm0049875
tt0804461,nm0049920
tt2028530,nm0049929
tt0274525,nm0049932
tt0109506,nm0050000
tt0115105,nm0050183
tt0109568,nm0050200
tt5942590,nm0050222
tt2311822,nm0050300
tt0073335,nm0050619
tt0081760,nm0050677
tt0479842,nm0050745
tt0090335,nm0050882
tt0313043,nm0050919
tt0423723,nm0050997
tt0113464,nm0051102
tt0245904,nm0051144
tt0195228,nm0051374
tt0119140,nm0051442
tt0115381,nm0051520
tt0138952,nm0051601
tt0257002,nm0051614
tt0137283,nm0051663
tt0427944,nm0051800
tt0486560,nm0051804
tt0377013,nm0051957
tt0133302,nm0052061
tt0205656,nm0052098
tt0258949,nm0052144
tt0133303,nm0052157
tt0159470,nm0052248
tt0094477,nm0052306
tt0218635,nm0052399
tt1229946,nm0052420
tt0480297,nm0052590
tt0101331,nm0052622
tt0093532,nm0052685
tt0157994,nm0052732
tt0087523,nm0052771
tt0099316,nm0052834
tt0126627,nm0052870
tt0067688,nm0052946
tt0183555,nm0053032
tt0075243,nm0053067
tt0003637,nm0053119
tt0110135,nm0053163
tt0105535,nm0053170
tt0117394,nm0053171
tt0106630,nm0053221
tt0243858,nm0053296
tt0294144,nm0053410
tt0091107,nm0053526
tt3720794,nm0053560
tt0258589,nm0053640
tt0104537,nm0053853
tt0189172,nm0053904
tt0282257,nm0053992
tt0133299,nm0054051
tt0280707,nm0054053
tt0238727,nm0054055
tt0087336,nm0054083
tt2857334,nm0054277
tt0282748,nm0054325
tt0132659,nm0054341
tt0269425,nm0054408
tt0416617,nm0054603
tt0050095,nm0054686
tt0144463,nm0054693
tt0129136,nm0054706
tt0049115,nm0054723
tt0100095,nm0054743
tt0100095,nm0054745
tt0181012,nm0054804
tt0089181,nm0054873
tt0175134,nm0055111
tt0110135,nm0055161
tt0312464,nm0055216
tt0082676,nm0055273
tt0238373,nm0055277
tt0233000,nm0055335
tt0133762,nm0055451
tt0062665,nm0055625
tt0067530,nm0055627
tt0064880,nm0055814
tt0090729,nm0055820
tt0163125,nm0055827
tt0179471,nm0055890
tt0464184,nm0055922
tt0117742,nm0055969
tt0079807,nm0055976
tt0279614,nm0056000
tt0086014,nm0056002
tt0088751,nm0056282
tt0052817,nm0056294
tt0211296,nm0056327
tt0117172,nm0056353
tt0111079,nm0056359
tt0217936,nm0056411
tt0137783,nm0056425
tt0431213,nm0056591
tt2805656,nm0056831
tt0114806,nm0056853
tt0084453,nm0056929
tt0415201,nm0056991
tt0104608,nm0057107
tt1731188,nm0057419
tt0127684,nm0057525
tt6723840,nm0057545
tt1304146,nm0057551
tt0157600,nm0057601
tt0115754,nm0057668
tt0048572,nm0057770
tt0166912,nm0058138
tt6285404,nm0058277
tt0884189,nm0058504
tt0217287,nm0058736
tt0256757,nm0058737
tt0392904,nm0058987
tt0269376,nm0059111
tt0198206,nm0059181
tt0241576,nm0059216
tt0337909,nm0059218
tt0113311,nm0059393
tt0130424,nm0059419
tt0120114,nm0059460
tt0102739,nm0059589
tt0250162,nm0059604
tt0154855,nm0059846
tt0086358,nm0059872
tt0118710,nm0060079
tt0055524,nm0060109
tt0105907,nm0060139
tt0033213,nm0060263
tt0032225,nm0060348
tt0112165,nm0060362
tt0263759,nm0060470
tt0230795,nm0060600
tt0037823,nm0060757
tt0098209,nm0060960
tt0128453,nm0060967
tt0074829,nm0061070
tt0252052,nm0061081
tt0139075,nm0061134
tt0197759,nm0061167
tt0208176,nm0061228
tt0124112,nm0061239
tt0124228,nm0061286
tt0268279,nm0061411
tt2125608,nm0061557
tt0282354,nm0061601
tt0156348,nm0061604
tt0197362,nm0061635
tt0139505,nm0061733
tt0171053,nm0061789
tt0049550,nm0061832
tt0245904,nm0061990
tt0121778,nm0061997
tt0281798,nm0062073
tt0082347,nm0062092
tt0074875,nm0062161
tt0282483,nm0062186
tt0431430,nm0062246
tt0035966,nm0062310
tt0239770,nm0062396
tt0258439,nm0062578
tt0240726,nm0062808
tt0254067,nm0062816
tt0121981,nm0062861
tt0221079,nm0063209
tt0175466,nm0063226
tt0150216,nm0063514
tt0178938,nm0063675
tt0130424,nm0063778
tt0821490,nm0063786
tt0113658,nm0063788
tt0104812,nm0064079
tt0090526,nm0064173
tt0226225,nm0064192
tt0211599,nm0064230
tt0082506,nm0064279
tt0317248,nm0064334
tt0475207,nm0064362
tt0276287,nm0064428
tt0238547,nm0064806
tt0213556,nm0065149
tt0233499,nm0065197
tt0239414,nm0065252
tt0065094,nm0065362
tt0271894,nm0065380
tt1077380,nm0065556
tt0092159,nm0065570
tt0118320,nm0065655
tt0104766,nm0065741
tt0119004,nm0065803
tt0082989,nm0065814
tt0247759,nm0065905
tt0095755,nm0065914
tt0045251,nm0066154
tt0200948,nm0066169
tt0073293,nm0066176
tt0274748,nm0066594
tt0116499,nm0066704
tt0124889,nm0066768
tt0084947,nm0066799
tt1132458,nm0066876
tt0207899,nm0067089
tt0199181,nm0067130
tt0114986,nm0067219
tt0117212,nm0067228
tt0159156,nm0067240
tt0169557,nm0067242
tt0228023,nm0067250
tt0271848,nm0067371
tt0196761,nm0067736
tt0155657,nm0067782
tt0266743,nm0067863
tt0083733,nm0067890
tt0477236,nm0067900
tt0113610,nm0067969
tt0118385,nm0067992
tt0206161,nm0068047
tt1077346,nm0068090
tt0106111,nm0068103
tt0168205,nm0068122
tt0108530,nm0068204
tt0103749,nm0068208
tt0112605,nm0068548
tt0114783,nm0068575
tt0120274,nm0068635
tt0252479,nm0068729
tt0289184,nm0068821
tt1446684,nm0068913
tt0215840,nm0069038
tt0215840,nm0069046
tt1378167,nm0069072
tt0251677,nm0069133
tt0244743,nm0069137
tt0098740,nm0069193
tt0101354,nm0069194
tt0084272,nm0069527
tt0085471,nm0069540
tt0112077,nm0069554
tt0218803,nm0069600
tt0228653,nm0069646
tt0201975,nm0069693
tt0206610,nm0069698
tt0092716,nm0069933
tt3716530,nm0069963
tt0205312,nm0069993
tt0162155,nm0070028
tt0098993,nm0070075
tt0089661,nm0070101
tt0106107,nm0070215
tt0111569,nm0070349
tt0102715,nm0070577
tt0124329,nm0070588
tt0036349,nm0070774
tt0059637,nm0070919
tt0058250,nm0070937
tt0106299,nm0070972
tt0458929,nm0071060
tt0085241,nm0071139
tt0065695,nm0071172
tt0073074,nm0071270
tt1865573,nm0071295
tt0095733,nm0071359
tt0176357,nm0071431
tt0186549,nm0071692
tt0110851,nm0072019
tt0126427,nm0072097
tt0093251,nm0072164
tt0115866,nm0072246
tt0181668,nm0072411
tt0107628,nm0072441
tt1601983,nm0072458
tt0084683,nm0072544
tt0243730,nm0072664
tt0197194,nm0072835
tt0346408,nm0072862
tt0096152,nm0072943
tt0118586,nm0072953
tt0089770,nm0072963
tt0108266,nm0072964
tt0194773,nm0072991
tt0106195,nm0073034
tt0248558,nm0073080
tt0097044,nm0073145
tt0123791,nm0073253
tt0251004,nm0073255
tt0061220,nm0073256
tt0087814,nm0073272
tt0193106,nm0073290
tt0137827,nm0073320
tt0045569,nm0073366
tt0096921,nm0073370
tt0259207,nm0073442
tt0126087,nm0073536
tt0138798,nm0073541
tt0186075,nm0073553
tt5289140,nm0073584
tt4382792,nm0073645
tt0201801,nm0073731
tt0118290,nm0073786
tt0195140,nm0073831
tt0480056,nm0073892
tt0074573,nm0074098
tt0111279,nm0074338
tt0896232,nm0074394
tt0027194,nm0074416
tt3206870,nm0074417
tt0276287,nm0074430
tt0017333,nm0074544
tt0251054,nm0074745
tt0139037,nm0074752
tt0250488,nm0074855
tt0261375,nm0074891
tt0204698,nm0074916
tt0270565,nm0074932
tt0117271,nm0075273
tt0113610,nm0075412
tt0037751,nm0075436
tt0129084,nm0075479
tt0213192,nm0075499
tt0104804,nm0075706
tt1442552,nm0075721
tt0046034,nm0075746
tt0109327,nm0075755
tt0274174,nm0075764
tt0097977,nm0075802
tt0277319,nm0075847
tt0218744,nm0075855
tt0246667,nm0075868
tt0057972,nm0075928
tt0168042,nm0075945
tt0086552,nm0075991
tt0275272,nm0076012
tt0047122,nm0076014
tt0222513,nm0076076
tt0192989,nm0076083
tt0083591,nm0076154
tt0141669,nm0076228
tt0053395,nm0076422
tt0156511,nm0076423
tt0097009,nm0076437
tt0104059,nm0076443
tt0213847,nm0076555
tt0181750,nm0076628
tt0077914,nm0076715
tt0044764,nm0076752
tt0074430,nm0076756
tt0068022,nm0076982
tt0106149,nm0077025
tt0096714,nm0077048
tt0076981,nm0077054
tt0067688,nm0077055
tt0416508,nm0077127
tt0465653,nm0077128
tt0072857,nm0077132
tt0058649,nm0077140
tt0116733,nm0077144
tt0097905,nm0077172
tt0113674,nm0077173
tt0185547,nm0077238
tt0083766,nm0077306
tt0146407,nm0077351
tt1105264,nm0077443
tt0254123,nm0077445
tt0194827,nm0077471
tt0138998,nm0077703
tt0233767,nm0077790
tt0143972,nm0077837
tt0196289,nm0077922
tt1302559,nm0078012
tt0222767,nm0078013
tt2740452,nm0078032
tt0448962,nm0078033
tt0118997,nm0078092
tt0126690,nm0078135
tt0117677,nm0078518
tt0256359,nm0078542
tt0108501,nm0078649
tt0003749,nm0078695
tt0118068,nm0078759
tt0279676,nm0078776
tt0109582,nm0079011
tt1239074,nm0079267
tt0120244,nm0079361
tt0088275,nm0079833
tt0114466,nm0079877
tt0271967,nm0079954
tt0086655,nm0079995
tt0048021,nm0080035
tt0116308,nm0080203
tt0085456,nm0080262
tt0222989,nm0080334
tt0061474,nm0080350
tt0069737,nm0080364
tt0245829,nm0080394
tt0271710,nm0080395
tt0251364,nm0080517
tt0280982,nm0080564
tt0076166,nm0080679
tt0062073,nm0080699
tt0211136,nm0080739
tt0088813,nm0080861
tt0110647,nm0080917
tt0166817,nm0080940
tt0117914,nm0080947
tt0114961,nm0080984
tt0271628,nm0081145
tt0049715,nm0081149
tt0206226,nm0081161
tt0259417,nm0081324
tt0207524,nm0081504
tt0889157,nm0081732
tt0189810,nm0081739
tt0118880,nm0081751
tt1463487,nm0081755
tt0094303,nm0081832
tt0102784,nm0081887
tt4809740,nm0081965
tt0077907,nm0082017
tt0071145,nm0082026
tt1483831,nm0082058
tt0040112,nm0082172
tt0086433,nm0082274
tt0198154,nm0082391
tt0111070,nm0082480
tt1046238,nm0082512
tt0283464,nm0082690
tt0166912,nm0082774
tt0061058,nm0082821
tt0114573,nm0082834
tt0139426,nm0082901
tt0179524,nm0082978
tt0109969,nm0083032
tt0106467,nm0083034
tt0066321,nm0083114
tt0198006,nm0083223
tt0191857,nm0083226
tt0092851,nm0083453
tt0075809,nm0083493
tt0069946,nm0083620
tt0103281,nm0083672
tt0276587,nm0083932
tt0238662,nm0084020
tt0068486,nm0084097
tt0028232,nm0084106
tt0216322,nm0084393
tt0140559,nm0084397
tt0275319,nm0084418
tt0216809,nm0084424
tt0123112,nm0084449
tt0286967,nm0084465
tt0206070,nm0084480
tt0235673,nm0084584
tt0245919,nm0084606
tt0338570,nm0084652
tt0082941,nm0084737
tt0162922,nm0084842
tt0123174,nm0085078
tt0091381,nm0085215
tt0109666,nm0085225
tt0463399,nm0085235
tt0036516,nm0085261
tt0162603,nm0085406
tt0140292,nm0085520
tt0079030,nm0085585
tt0221199,nm0085828
tt0282291,nm0085850
tt0163354,nm0085969
tt0101670,nm0086040
tt1081956,nm0086119
tt0167880,nm0086136
tt0239860,nm0086173
tt0089922,nm0086200
tt0338663,nm0086294
tt0218773,nm0086392
tt0095925,nm0086491
tt0025748,nm0086562
tt0054534,nm0086571
tt0179769,nm0086597
tt0113540,nm0086629
tt0144616,nm0086825
tt0091881,nm0086939
tt0428430,nm0086955
tt0215644,nm0087025
tt0248254,nm0087047
tt0092982,nm0087221
tt0275319,nm0087619
tt0093612,nm0087695
tt0272369,nm0087838
tt0127458,nm0087863
tt0260715,nm0088024
tt0114176,nm0088030
tt0235751,nm0088035
tt0169471,nm0088199
tt0875149,nm0088414
tt0053931,nm0088606
tt0088176,nm0088622
tt0029079,nm0088675
tt0050316,nm0088683
tt0120014,nm0088696
tt0107285,nm0088749
tt0217287,nm0089127
tt0175245,nm0089143
tt0066050,nm0089170
tt0104670,nm0089197
tt0116298,nm0089228
tt2098048,nm0089289
tt0082501,nm0089443
tt0145364,nm0089488
tt0084290,nm0089600
tt0050189,nm0089733
tt0048049,nm0089768
tt0212678,nm0089806
tt0122693,nm0089837
tt0088977,nm0090068
tt0955346,nm0090473
tt0106989,nm0090538
tt0105279,nm0090565
tt0082951,nm0090602
tt0060138,nm0090776
tt0125995,nm0090797
tt0078032,nm0091023
tt0095188,nm0091027
tt0114983,nm0091214
tt0047941,nm0091257
tt1307859,nm0091331
tt0271210,nm0091385
tt0065420,nm0091407
tt0154185,nm0091508
tt0230052,nm0091544
tt0230052,nm0091545
tt0152279,nm0091570
tt0204101,nm0091661
tt0145551,nm0091798
tt0065077,nm0091805
tt0275618,nm0092050
tt0176365,nm0092072
tt0085474,nm0092165
tt0173156,nm0092170
tt0946997,nm0092261
tt0268260,nm0092454
tt0185074,nm0092470
tt1571401,nm0092497
tt0076886,nm0092511
tt0237299,nm0092579
tt0077723,nm0092593
tt0131678,nm0092982
tt0199255,nm0093067
tt0087088,nm0093111
tt0065731,nm0093158
tt0257601,nm0093214
tt0281357,nm0093284
tt0105164,nm0093317
tt0115663,nm0093467
tt0401711,nm0093499
tt0045051,nm0093556
tt0090329,nm0093587
tt0166649,nm0093598
tt0038488,nm0093724
tt0235327,nm0093813
tt0236019,nm0094178
tt0220005,nm0094354
tt0206303,nm0094360
tt0385278,nm0094396
tt0106931,nm0094665
tt0111977,nm0094745
tt0179987,nm0094847
tt0080290,nm0094919
tt0200397,nm0094968
tt0136403,nm0095011
tt0444733,nm0095120
tt0042097,nm0095178
tt0287326,nm0095337
tt0085416,nm0095343
tt0104309,nm0095425
tt0062875,nm0095489
tt0118745,nm0095541
tt0436364,nm0095625
tt0269908,nm0095683
tt0271152,nm0095752
tt0853181,nm0095805
tt0153568,nm0095815
tt0077660,nm0095925
tt0270340,nm0096027
tt0083547,nm0096050
tt0083915,nm0096072
tt0088047,nm0096088
tt2635006,nm0096191
tt0165445,nm0096245
tt1091826,nm0096255
tt0098585,nm0096326
tt0086484,nm0096639
tt0896232,nm0096691
tt2723714,nm0096788
tt0128849,nm0096804
tt0159101,nm0096857
tt0053459,nm0096934
tt0209053,nm0096998
tt0241972,nm0097024
tt0049318,nm0097155
tt0498612,nm0097184
tt0102653,nm0097185
tt0288330,nm0097236
tt0271781,nm0097263
tt0094641,nm0097338
tt0084286,nm0097415
tt0196826,nm0097581
tt1839688,nm0097784
tt0118808,nm0098032
tt0281958,nm0098046
tt0315327,nm0098233
tt0215683,nm0098321
tt0256619,nm0098431
tt0105266,nm0098500
tt0266688,nm0098579
tt0207717,nm0098587
tt0027308,nm0098593
tt0155673,nm0098668
tt1010044,nm0098895
tt0226924,nm0098938
tt0059025,nm0098963
tt0261045,nm0098974
tt0155885,nm0099063
tt0166817,nm0099069
tt0258936,nm0099072
tt0168487,nm0099168
tt0168033,nm0099180
tt0279498,nm0099279
tt0113116,nm0099361
tt0368081,nm0099373
tt0074843,nm0099380
tt0279215,nm0099615
tt0170726,nm0099673
tt2375860,nm0099711
tt0078942,nm0099727
tt0152178,nm0099747
tt0218057,nm0099776
tt0318171,nm0099915
tt0115934,nm0099966
tt0387218,nm0100023
tt0166123,nm0100084
tt0048254,nm0100200
tt0085415,nm0100211
tt0224209,nm0100367
tt0092596,nm0100542
tt1164999,nm0100559
tt0242996,nm0100636
tt0109086,nm0100643
tt0335596,nm0100720
tt0909831,nm0100812
tt0237121,nm0100859
tt0194502,nm0100872
tt0243415,nm0101018
tt0243415,nm0101020
tt0183734,nm0101157
tt0106110,nm0101189
tt0247395,nm0101325
tt0283503,nm0101399
tt0105993,nm0101438
tt0089451,nm0101542
tt0120765,nm0101613
tt0307683,nm0101785
tt0085521,nm0101793
tt1051220,nm0101834
tt0095082,nm0102189
tt0271628,nm0102233
tt0103594,nm0102371
tt0274818,nm0102600
tt0217710,nm0102804
tt0070756,nm0103064
tt0056491,nm0103158
tt0255189,nm0103285
tt3282994,nm0103380
tt0270417,nm0103395
tt0271763,nm0103749
tt1659256,nm0103767
tt0444932,nm0103798
tt1606302,nm0103978
tt0103135,nm0103984
tt0153821,nm0103992
tt0121008,nm0104038
tt0112651,nm0104093
tt0228561,nm0104148
tt0165027,nm0104242
tt0076944,nm0104511
tt0113827,nm0104552
tt0181403,nm0104619
tt0055214,nm0104713
tt0110207,nm0104849
tt0038462,nm0104873
tt0061833,nm0104877
tt0227301,nm0104891
tt0035293,nm0104936
tt0273401,nm0104955
tt1470856,nm0105000
tt0279887,nm0105030
tt0050396,nm0105184
tt0119570,nm0105227
tt0185042,nm0105243
tt0183659,nm0105263
tt0108260,nm0105278
tt0143986,nm0105330
tt0038598,nm0105369
tt0129544,nm0105511
tt0114964,nm0105653
tt0102556,nm0105655
tt0116221,nm0105683
tt1340800,nm0105880
tt3379524,nm0105888
tt0142082,nm0105889
tt0081961,nm0105932
tt0437714,nm0105946
tt0112385,nm0105974
tt0230570,nm0106005
tt0078880,nm0106009
tt0051874,nm0106205
tt0268835,nm0106222
tt0172294,nm0106296
tt0194611,nm0106443
tt0138517,nm0106508
tt0142150,nm0106511
tt0208569,nm0106659
tt0115208,nm0106795
tt0283805,nm0106842
tt0075845,nm0106849
tt0276661,nm0106952
tt0096917,nm0106975
tt0046661,nm0107258
tt0296274,nm0107399
tt0016762,nm0107542
tt0066802,nm0107564
tt0139428,nm0107572
tt0032833,nm0107602
tt0103955,nm0107662
tt0364756,nm0107700
tt0084931,nm0107733
tt0104530,nm0107817
tt0110671,nm0107842
tt0263171,nm0107898
tt0090583,nm0107945
tt0206412,nm0108026
tt0258936,nm0108074
tt0164054,nm0108081
tt0259516,nm0108243
tt0118099,nm0108274
tt0118099,nm0108297
tt0211777,nm0108390
tt1762232,nm0108392
tt3362150,nm0108507
tt0271806,nm0108617
tt0176357,nm0108619
tt0119858,nm0108699
tt0446764,nm0108839
tt0083633,nm0108910
tt0264973,nm0108966
tt0078238,nm0109014
tt0165445,nm0109073
tt0074040,nm0109113
tt0907702,nm0109516
tt0246348,nm0109520
tt0166455,nm0109619
tt0224008,nm0109702
tt0058824,nm0109856
tt0092739,nm0109879
tt0060658,nm0109981
tt0095778,nm0110081
tt0197442,nm0110184
tt0153099,nm0110237
tt1931533,nm0110357
tt0105142,nm0110410
tt0238765,nm0110435
tt1068284,nm0110746
tt0122893,nm0110857
tt0236008,nm0110887
tt0118356,nm0111028
tt2646374,nm0111072
tt0222485,nm0111108
tt0030896,nm0111120
tt3552812,nm0111151
tt0065911,nm0111178
tt0055380,nm0111208
tt0105151,nm0111225
tt0433294,nm0111317
tt0234126,nm0111338
tt0118997,nm0111490
tt0109115,nm0111539
tt0118717,nm0111819
tt0075471,nm0112179
tt0244743,nm0112184
tt0381832,nm0112388
tt0090775,nm0112473
tt0065281,nm0112478
tt0097650,nm0112814
tt0232281,nm0112847
tt0110468,nm0112853
tt0068638,nm0112896
tt0025659,nm0112904
tt0056800,nm0112964
tt0283396,nm0112967
tt0105871,nm0112970
tt0092199,nm0113172
tt0814212,nm0113217
tt0104257,nm0113360
tt0294138,nm0113426
tt0164182,nm0113655
tt0172179,nm0113666
tt0099546,nm0113725
tt0272722,nm0113726
tt0117761,nm0113753
tt0083476,nm0113781
tt0259799,nm0113859
tt0078487,nm0113911
tt0126928,nm0114103
tt0251795,nm0114195
tt1361721,nm0114224
tt0270709,nm0114229
tt0243003,nm0114257
tt0005413,nm0114381
tt0107497,nm0114425
tt0090443,nm0114476
tt0099671,nm0114577
tt0795918,nm0114716
tt0221006,nm0114718
tt0093183,nm0114736
tt0200530,nm0114781
tt0238765,nm0114891
tt0160509,nm0115003
tt0203261,nm0115060
tt0190503,nm0115084
tt6876970,nm0115228
tt0100842,nm0115280
tt0145667,nm0115305
tt0083624,nm0115631
tt0120070,nm0115769
tt0166561,nm0115780
tt0112216,nm0115804
tt0256217,nm0115862
tt0103778,nm0115954
tt0067544,nm0115998
tt0215840,nm0116131
tt0229932,nm0116157
tt0186637,nm0116268
tt0112542,nm0116343
tt0138322,nm0116392
tt0143767,nm0116508
tt0170637,nm0116755
tt0089612,nm0117046
tt0285861,nm0117081
tt0220699,nm0117168
tt0227349,nm0117180
tt0258340,nm0117215
tt0114008,nm0117437
tt3912214,nm0117471
tt0205669,nm0117539
tt0240473,nm0117662
tt0274540,nm0117739
tt0055902,nm0117818
tt0138394,nm0117829
tt0057900,nm0117923
tt0118702,nm0117989
tt0117098,nm0118004
tt0086262,nm0118008
tt0430674,nm0118033
tt0096626,nm0118042
tt0202001,nm0118068
tt0118604,nm0118212
tt0151545,nm0118282
tt0095270,nm0118288
tt0267490,nm0118306
tt0183941,nm0118340
tt0264215,nm0118459
tt0096454,nm0118477
tt0196002,nm0118700
tt0189885,nm0118930
tt0086381,nm0119185
tt0241360,nm0119246
tt0179959,nm0119264
tt0243164,nm0119280
tt0269629,nm0119362
tt0078159,nm0119428
tt0089471,nm0119434
tt0421323,nm0119554
tt0168752,nm0119615
tt0271643,nm0119714
tt0140362,nm0119763
tt0425851,nm0119866
tt0118342,nm0120060
tt0090564,nm0120081
tt0094785,nm0120082
tt0207745,nm0120131
tt0243834,nm0120136
tt6268052,nm0120177
tt0196000,nm0120553
tt0237338,nm0120622
tt2322915,nm0120666
tt0108521,nm0120798
tt0123241,nm0120812
tt0261733,nm0120957
tt0184112,nm0121009
tt0270871,nm0121019
tt0279825,nm0121105
tt0052077,nm0121109
tt0204503,nm0121140
tt0049269,nm0121179
tt0087729,nm0121190
tt0345029,nm0121229
tt1890455,nm0121255
tt0229102,nm0121385
tt0168960,nm0121490
tt0177963,nm0121500
tt0214387,nm0121527
tt0104756,nm0121544
tt0055478,nm0121730
tt0013648,nm0121817
tt0309166,nm0121818
tt0119415,nm0121847
tt0164257,nm0121937
tt0036706,nm0121944
tt0132920,nm0121949
tt0108517,nm0122086
tt0257316,nm0122142
tt0086790,nm0122294
tt0245330,nm0122495
tt0283343,nm0122545
tt0062704,nm0122618
tt3589224,nm0122779
tt0138740,nm0122821
tt0117179,nm0122930
tt0098385,nm0123033
tt0037359,nm0123122
tt0185360,nm0123336
tt0421121,nm0123368
tt0137283,nm0123381
tt0339473,nm0123597
tt0178712,nm0123640
tt0968263,nm0123651
tt0904117,nm0123686
tt0180885,nm0123773
tt0115487,nm0123805
tt0225069,nm0123812
tt0226619,nm0123814
tt1579421,nm0123964
tt0268497,nm0124060
tt0095515,nm0124177
tt0281320,nm0124187
tt0025017,nm0124188
tt0004449,nm0124222
tt0166442,nm0124269
tt0149614,nm0124340
tt0069706,nm0124421
tt0160246,nm0124600
tt0275761,nm0124677
tt0275761,nm0124718
tt0124243,nm0125170
tt0070622,nm0125177
tt0250278,nm0125211
tt0251240,nm0125233
tt0252261,nm0125235
tt0212107,nm0125237
tt0250728,nm0125243
tt6513106,nm0125245
tt0256165,nm0125268
tt0212407,nm0125323
tt0119690,nm0125355
tt0083278,nm0125375
tt0255162,nm0125417
tt0132654,nm0125420
tt0140524,nm0125515
tt0091178,nm0125569
tt0119248,nm0125649
tt0006022,nm0125808
tt0178866,nm0125874
tt0259723,nm0126033
tt0244216,nm0126066
tt0116446,nm0126106
tt0234912,nm0126310
tt0182476,nm0126331
tt0095363,nm0126347
tt0192657,nm0126496
tt0262218,nm0126520
tt0110135,nm0126581
tt0164545,nm0126626
tt0255338,nm0126811
tt0374583,nm0126888
tt0194009,nm0127070
tt0267107,nm0127123
tt0266552,nm0127220
tt0118586,nm0127269
tt0256631,nm0127360
tt1732724,nm0127363
tt0249164,nm0127372
tt0255567,nm0127380
tt0228504,nm0127383
tt0102915,nm0127389
tt0027772,nm0127612
tt0046955,nm0127698
tt0097111,nm0127717
tt0270835,nm0127724
tt0218469,nm0127829
tt0096248,nm0127837
tt2094945,nm0128019
tt0173385,nm0128162
tt0445570,nm0128208
tt0286244,nm0128221
tt0138098,nm0128502
tt0156758,nm0128516
tt0122529,nm0128527
tt0265319,nm0128628
tt0089217,nm0128686
tt0097041,nm0128842
tt0116199,nm0128863
tt0270550,nm0128869
tt0184460,nm0128894
tt0282501,nm0128920
tt0156083,nm0128950
tt0063685,nm0129222
tt0120611,nm0129284
tt0156435,nm0129302
tt0116046,nm0129309
tt0122076,nm0129413
tt0193707,nm0129424
tt0480225,nm0129576
tt0106509,nm0129624
tt0105487,nm0129676
tt2545338,nm0129716
tt0083419,nm0129792
tt0125976,nm0129954
tt2176708,nm0129963
tt0096216,nm0130029
tt0165995,nm0130108
tt0217198,nm0130118
tt0029570,nm0130135
tt0113418,nm0130157
tt0105215,nm0130245
tt0186389,nm0130400
tt0283552,nm0130415
tt0907694,nm0130541
tt0124137,nm0130591
tt0089444,nm0130592
tt0134214,nm0130628
tt0223016,nm0130683
tt0223016,nm0130684
tt0085357,nm0130716
tt0085496,nm0130962
tt0116769,nm0131109
tt3484800,nm0131204
tt0220040,nm0131368
tt0138987,nm0131496
tt0309452,nm0131511
tt1273647,nm0131717
tt0097662,nm0131723
tt0204058,nm0131782
tt5637798,nm0131903
tt0057853,nm0131933
tt0112770,nm0132055
tt0220447,nm0132174
tt1480165,nm0132346
tt0245402,nm0132791
tt0118829,nm0132893
tt0138433,nm0132934
tt0228037,nm0132937
tt0229865,nm0132993
tt0180619,nm0133016
tt0048200,nm0133175
tt0173611,nm0133214
tt0067370,nm0133228
tt0099774,nm0133354
tt0245444,nm0133618
tt0063707,nm0133647
tt0233402,nm0133757
tt0054245,nm0133858
tt0368222,nm0134102
tt0086312,nm0134330
tt0181530,nm0134552
tt0107607,nm0134633
tt0101848,nm0134931
tt0094131,nm0134998
tt0111417,nm0135000
tt0111417,nm0135002
tt0165997,nm0135045
tt0075500,nm0135140
tt0202994,nm0135214
tt0053908,nm0135224
tt0110846,nm0135241
tt0119420,nm0135258
tt0120358,nm0135294
tt0076809,nm0135364
tt0970196,nm0135403
tt0101545,nm0135419
tt0093741,nm0135472
tt0070756,nm0135592
tt0165454,nm0135615
tt0282395,nm0135755
tt0100222,nm0135814
tt0159606,nm0135870
tt2566494,nm0135956
tt0114835,nm0135995
tt1148199,nm0136035
tt0080484,nm0136342
tt0076653,nm0136349
tt0090968,nm0136363
tt0246409,nm0136407
tt0246409,nm0136408
tt0182476,nm0136422
tt0077361,nm0136607
tt0115143,nm0136619
tt0174083,nm0136844
tt0043489,nm0136848
tt0110587,nm0136898
tt0783345,nm0136987
tt0066178,nm0137053
tt0115600,nm0137171
tt0115600,nm0137176
tt0031333,nm0137209
tt0094643,nm0137484
tt0075376,nm0137660
tt0100665,nm0137668
tt0251129,nm0137695
tt0142960,nm0137816
tt0141539,nm0138191
tt0109873,nm0138462
tt0248838,nm0138500
tt0095644,nm0138579
tt0119815,nm0138661
tt0055902,nm0138784
tt0041002,nm0138794
tt0094819,nm0138919
tt0072559,nm0138989
tt0112327,nm0139009
tt0071949,nm0139112
tt0118640,nm0139234
tt6540304,nm0139482
tt0101844,nm0139635
tt0172995,nm0139807
tt1190868,nm0139819
tt0097038,nm0139829
tt0148639,nm0139938
tt0424237,nm0139979
tt0086074,nm0140014
tt0062648,nm0140048
tt0114556,nm0140056
tt0257066,nm0140063
tt0257726,nm0140104
tt0054112,nm0140112
tt0094927,nm0140130
tt0052429,nm0140234
tt0061631,nm0140251
tt0020733,nm0140252
tt0229600,nm0140336
tt0230706,nm0140385
tt0073871,nm0140596
tt0011981,nm0140780
tt0258688,nm0140801
tt0115907,nm0140810
tt0092527,nm0141053
tt0049472,nm0141087
tt0110311,nm0141299
tt0057673,nm0141316
tt0081986,nm0141540
tt0177068,nm0141586
tt0150545,nm0141595
tt0166123,nm0141605
tt0029873,nm0141848
tt0067314,nm0141887
tt0150545,nm0141996
tt0207201,nm0142134
tt0300295,nm0142312
tt0272451,nm0142376
tt0104038,nm0142377
tt0142039,nm0142418
tt0116994,nm0142429
tt0137316,nm0142469
tt0268835,nm0142544
tt0084946,nm0142840
tt0275590,nm0142878
tt0224462,nm0142985
tt0139932,nm0143035
tt0160741,nm0143113
tt0309992,nm0143128
tt0046638,nm0143188
tt0114091,nm0143355
tt0072366,nm0143374
tt0104500,nm0143392
tt0244352,nm0143618
tt0095990,nm0143654
tt0122159,nm0143730
tt0310445,nm0143789
tt1985084,nm0143802
tt1277952,nm0143821
tt0146784,nm0143877
tt0112886,nm0143907
tt0082363,nm0144097
tt0080337,nm0144210
tt0094759,nm0144218
tt6407370,nm0144327
tt3438490,nm0144382
tt0210560,nm0144400
tt0189541,nm0144529
tt0267770,nm0144549
tt0255532,nm0144665
tt0110156,nm0144678
tt1332900,nm0144750
tt0127302,nm0144785
tt0128255,nm0144814
tt0241678,nm0145011
tt0211640,nm0145032
tt0036802,nm0145134
tt0165870,nm0145322
tt1206014,nm0145454
tt0374922,nm0145519
tt0044453,nm0145545
tt0107145,nm0145582
tt0430922,nm0145597
tt0384021,nm0145623
tt0283276,nm0145628
tt0212292,nm0145748
tt0089755,nm0145857
tt0200154,nm0145858
tt0049590,nm0145859
tt0212258,nm0145976
tt0218750,nm0146423
tt0224546,nm0146551
tt0117370,nm0146636
tt0261394,nm0146722
tt0185978,nm0146740
tt0188334,nm0146914
tt0159396,nm0146979
tt0241492,nm0147024
tt0207879,nm0147148
tt0116457,nm0147193
tt0416862,nm0147274
tt0791071,nm0147317
tt0073762,nm0147335
tt0222179,nm0147455
tt0094787,nm0147651
tt0183852,nm0147796
tt0115934,nm0147925
tt0091452,nm0147991
tt0096117,nm0148184
tt2896018,nm0148302
tt0086072,nm0148413
tt0138074,nm0148432
tt0054725,nm0148512
tt0112414,nm0148670
tt0169787,nm0148801
tt0263769,nm0148834
tt0119448,nm0148850
tt0093214,nm0148860
tt0038793,nm0149029
tt0279675,nm0149090
tt0114015,nm0149100
tt0314589,nm0149130
tt0210879,nm0149136
tt0353969,nm0149223
tt0269761,nm0149301
tt0120593,nm0149311
tt0109625,nm0149452
tt0152176,nm0149672
tt0082154,nm0149817
tt0245683,nm0149871
tt0138879,nm0149880
tt0051912,nm0150046
tt0055771,nm0150048
tt0256197,nm0150226
tt0237421,nm0150227
tt0211273,nm0150277
tt0098525,nm0150285
tt0127911,nm0150294
tt0130283,nm0150308
tt0117189,nm0150320
tt0113540,nm0150401
tt0048736,nm0150565
tt0115303,nm0150609
tt0110769,nm0150841
tt0098600,nm0150893
tt0106590,nm0151012
tt0102185,nm0151052
tt0434008,nm0151131
tt0109424,nm0151176
tt1300360,nm0151247
tt0194704,nm0151272
tt0103192,nm0151313
tt0112787,nm0151375
tt0076691,nm0151443
tt0165899,nm0151496
tt0165899,nm0151497
tt0165899,nm0151498
tt0087474,nm0151536
tt0163566,nm0151569
tt0216290,nm0151637
tt0272013,nm0151678
tt0109535,nm0151736
tt0240295,nm0151804
tt0238588,nm0151825
tt0020405,nm0151904
tt0065535,nm0151942
tt0083591,nm0152038
tt0161912,nm0152081
tt0099446,nm0152127
tt0381753,nm0152129
tt0160149,nm0152141
tt0065832,nm0152153
tt0277711,nm0152173
tt0108228,nm0152233
tt0116102,nm0152409
tt0840377,nm0152445
tt0083044,nm0152450
tt0138574,nm0152737
tt0106363,nm0152744
tt0095140,nm0152748
tt0118927,nm0152788
tt0283703,nm0152855
tt0068588,nm0153022
tt4653556,nm0153206
tt0338988,nm0153343
tt0244342,nm0153378
tt0116442,nm0153398
tt0105127,nm0153478
tt0097863,nm0153534
tt0233135,nm0153549
tt0119333,nm0153588
tt0075148,nm0153590
tt0210183,nm0153597
tt0253588,nm0153605
tt0202797,nm0153632
tt0183488,nm0153798
tt0073418,nm0153890
tt0446687,nm0153892
tt0159876,nm0153938
tt0173688,nm0153940
tt0035949,nm0154061
tt0202618,nm0154250
tt0008233,nm0154395
tt0119939,nm0154463
tt0201969,nm0154714
tt0094416,nm0154915
tt0254595,nm0154974
tt0240524,nm0154976
tt0067460,nm0155034
tt0278676,nm0155082
tt0134262,nm0155091
tt0058689,nm0155131
tt0215254,nm0155283
tt0125994,nm0155294
tt0242530,nm0155305
tt0168973,nm0155336
tt0106149,nm0155541
tt0125590,nm0155627
tt0105652,nm0155628
tt0238588,nm0155648
tt0058101,nm0155827
tt0101152,nm0155862
tt0092829,nm0155878
tt0267764,nm0155966
tt0111485,nm0155993
tt0126938,nm0156018
tt0176093,nm0156076
tt0297626,nm0156133
tt0100856,nm0156245
tt0100856,nm0156249
tt0327850,nm0156283
tt0948547,nm0156403
tt0110070,nm0156441
tt0099757,nm0156493
tt0141531,nm0156765
tt1922736,nm0156792
tt0063031,nm0156836
tt0262242,nm0156852
tt0093170,nm0156883
